<ImportExportXml version="8.2.0001.0207" SolutionPackageVersion="8.2" languagecode="1033" generatedBy="CrmLive" xmlns:xsi="http://www.w3.org/2001/XMLSchema-instance">
  <SolutionManifest>
    <UniqueName>JobSeekersCRM</UniqueName>
    <LocalizedNames>
      <LocalizedName description="Job Seeker's CRM" languagecode="1033" />
    </LocalizedNames>
    <Descriptions />
    <Version>1.0.0.0</Version>
    <Managed>1</Managed>
    <Publisher>
      <UniqueName>mehmetnurican</UniqueName>
      <LocalizedNames>
        <LocalizedName description="Mehmet Nuri Can" languagecode="1033" />
      </LocalizedNames>
      <Descriptions />
      <EMailAddress xsi:nil="true"></EMailAddress>
      <SupportingWebsiteUrl xsi:nil="true"></SupportingWebsiteUrl>
      <CustomizationPrefix>new</CustomizationPrefix>
      <CustomizationOptionValuePrefix>10000</CustomizationOptionValuePrefix>
      <Addresses>
        <Address>
          <AddressNumber>1</AddressNumber>
          <AddressTypeCode>1</AddressTypeCode>
          <City xsi:nil="true"></City>
          <County xsi:nil="true"></County>
          <Country xsi:nil="true"></Country>
          <Fax xsi:nil="true"></Fax>
          <FreightTermsCode xsi:nil="true"></FreightTermsCode>
          <ImportSequenceNumber xsi:nil="true"></ImportSequenceNumber>
          <Latitude xsi:nil="true"></Latitude>
          <Line1 xsi:nil="true"></Line1>
          <Line2 xsi:nil="true"></Line2>
          <Line3 xsi:nil="true"></Line3>
          <Longitude xsi:nil="true"></Longitude>
          <Name xsi:nil="true"></Name>
          <PostalCode xsi:nil="true"></PostalCode>
          <PostOfficeBox xsi:nil="true"></PostOfficeBox>
          <PrimaryContactName xsi:nil="true"></PrimaryContactName>
          <ShippingMethodCode>1</ShippingMethodCode>
          <StateOrProvince xsi:nil="true"></StateOrProvince>
          <Telephone1 xsi:nil="true"></Telephone1>
          <Telephone2 xsi:nil="true"></Telephone2>
          <Telephone3 xsi:nil="true"></Telephone3>
          <TimeZoneRuleVersionNumber xsi:nil="true"></TimeZoneRuleVersionNumber>
          <UPSZone xsi:nil="true"></UPSZone>
          <UTCOffset xsi:nil="true"></UTCOffset>
          <UTCConversionTimeZoneCode xsi:nil="true"></UTCConversionTimeZoneCode>
        </Address>
        <Address>
          <AddressNumber>2</AddressNumber>
          <AddressTypeCode>1</AddressTypeCode>
          <City xsi:nil="true"></City>
          <County xsi:nil="true"></County>
          <Country xsi:nil="true"></Country>
          <Fax xsi:nil="true"></Fax>
          <FreightTermsCode xsi:nil="true"></FreightTermsCode>
          <ImportSequenceNumber xsi:nil="true"></ImportSequenceNumber>
          <Latitude xsi:nil="true"></Latitude>
          <Line1 xsi:nil="true"></Line1>
          <Line2 xsi:nil="true"></Line2>
          <Line3 xsi:nil="true"></Line3>
          <Longitude xsi:nil="true"></Longitude>
          <Name xsi:nil="true"></Name>
          <PostalCode xsi:nil="true"></PostalCode>
          <PostOfficeBox xsi:nil="true"></PostOfficeBox>
          <PrimaryContactName xsi:nil="true"></PrimaryContactName>
          <ShippingMethodCode>1</ShippingMethodCode>
          <StateOrProvince xsi:nil="true"></StateOrProvince>
          <Telephone1 xsi:nil="true"></Telephone1>
          <Telephone2 xsi:nil="true"></Telephone2>
          <Telephone3 xsi:nil="true"></Telephone3>
          <TimeZoneRuleVersionNumber xsi:nil="true"></TimeZoneRuleVersionNumber>
          <UPSZone xsi:nil="true"></UPSZone>
          <UTCOffset xsi:nil="true"></UTCOffset>
          <UTCConversionTimeZoneCode xsi:nil="true"></UTCConversionTimeZoneCode>
        </Address>
      </Addresses>
    </Publisher>
    <RootComponents>
      <RootComponent type="1" schemaName="account" behavior="1" />
      <RootComponent type="1" schemaName="activitypointer" behavior="0" />
      <RootComponent type="1" schemaName="appointment" behavior="0" />
      <RootComponent type="1" schemaName="contact" behavior="0" />
      <RootComponent type="1" schemaName="letter" behavior="0" />
      <RootComponent type="1" schemaName="new_location" behavior="0" />
      <RootComponent type="1" schemaName="new_position" behavior="0" />
      <RootComponent type="1" schemaName="phonecall" behavior="0" />
      <RootComponent type="20" id="{394c258b-314c-e711-810e-5065f38b84b1}" behavior="0" />
      <RootComponent type="29" id="{064173a5-656a-4ed3-850e-6b5807add6bc}" behavior="0" />
      <RootComponent type="29" id="{17f8e3c7-3bca-465e-a7ab-be7ee399b6f6}" behavior="0" />
      <RootComponent type="29" id="{1cb03a29-5c88-4acf-bba4-2259fed38469}" behavior="0" />
      <RootComponent type="29" id="{1eda1ddd-2fc6-4bfa-9424-3c029515b83d}" behavior="0" />
      <RootComponent type="29" id="{317f6c33-845c-424a-aeb2-78394c492dfa}" behavior="0" />
      <RootComponent type="29" id="{35fbe169-cd77-466e-8387-070586a42187}" behavior="0" />
      <RootComponent type="29" id="{3632f786-d241-4740-8ff4-8980e90c4f57}" behavior="0" />
      <RootComponent type="29" id="{4af44439-cb67-47e6-ba14-57793786f808}" behavior="0" />
      <RootComponent type="29" id="{70eee307-f8da-40b8-a18a-a6be530c0992}" behavior="0" />
      <RootComponent type="29" id="{82deca09-2be4-40d6-930d-ee123f573789}" behavior="0" />
      <RootComponent type="29" id="{aec2a799-bacd-43f4-af84-c9f16c8e6039}" behavior="0" />
      <RootComponent type="29" id="{c96abac9-e5ad-4ac6-929d-5b286d6b481a}" behavior="0" />
      <RootComponent type="29" id="{f6b9ea01-ea7c-45fa-be10-7b63b0d4d996}" behavior="0" />
      <RootComponent type="60" id="{098ae145-1567-41ec-8398-86dbaac70c9b}" />
      <RootComponent type="60" id="{20ec3318-e87e-4623-afe5-cac39cd090de}" />
      <RootComponent type="60" id="{2205c86d-ed88-4a2f-a447-3b86a8781f2e}" />
      <RootComponent type="60" id="{3facd5b1-b239-e711-810b-5065f38b84b1}" behavior="0" />
      <RootComponent type="60" id="{43300723-f867-420b-ab28-976a4d12e6c4}" />
      <RootComponent type="60" id="{69cff312-cfb6-4289-9631-249ab85d2c62}" />
      <RootComponent type="60" id="{70ad8b15-e3f3-4d7d-9e4b-16cb4e51b484}" behavior="0" />
      <RootComponent type="60" id="{8448b78f-8f42-454e-8e2a-f8196b0419af}" />
      <RootComponent type="60" id="{a4640db1-4962-4e79-92c6-690e627924d7}" behavior="0" />
      <RootComponent type="60" id="{a72c7955-442b-4ea4-9499-b10cd18b4256}" />
      <RootComponent type="60" id="{b028db32-3619-48a5-ac51-cf3f947b0ef3}" />
      <RootComponent type="60" id="{c9e7ec2d-efca-4e4c-b3e3-f63c4bba5e4b}" />
      <RootComponent type="60" id="{cccff382-2b92-467e-bf1b-3db179512af8}" />
      <RootComponent type="61" schemaName="new_job_application_16" behavior="0" />
      <RootComponent type="61" schemaName="new_job_application_32" behavior="0" />
      <RootComponent type="61" schemaName="new_job_seeker_28" behavior="0" />
      <RootComponent type="61" schemaName="new_location16_v2" behavior="0" />
      <RootComponent type="61" schemaName="new_location32_v2" behavior="0" />
      <RootComponent type="62" behavior="0" />
    </RootComponents>
    <MissingDependencies>
      <MissingDependency>
        <Required key="0" type="1" schemaName="msdyn_postconfig" displayName="Post Configuration" solution="ActivityFeedsCore (8.2.0.0)" />
        <Dependent key="1" type="62" />
      </MissingDependency>
      <MissingDependency>
        <Required key="2" type="1" schemaName="msdyn_postruleconfig" displayName="Post Rule Configuration" solution="ActivityFeedsCore (8.2.0.0)" />
        <Dependent key="1" type="62" />
      </MissingDependency>
      <MissingDependency>
        <Required key="3" type="61" schemaName="msdyn_/ActivityFeeds.Form.js" displayName="msdyn_/ActivityFeeds.Form.js" solution="ActivityFeedsCore (8.2.0.0)" />
        <Dependent key="4" type="60" displayName="Information" parentDisplayName="Contact" id="{894cc46a-b0cb-4ab0-8bf6-200544e46a2d}" />
      </MissingDependency>
      <MissingDependency>
        <Required key="5" type="61" schemaName="msdyn_/RecordWall.htm" displayName="msdyn_/RecordWall.htm" solution="ActivityFeedsCore (8.2.0.0)" />
        <Dependent key="4" type="60" displayName="Information" parentDisplayName="Contact" id="{894cc46a-b0cb-4ab0-8bf6-200544e46a2d}" />
      </MissingDependency>
      <MissingDependency>
        <Required key="6" type="61" schemaName="msdyn_/Images/Wall_16.png" displayName="msdyn_/Images/Wall_16.png" solution="ActivityFeedsCore (8.2.0.0)" />
        <Dependent key="1" type="62" />
      </MissingDependency>
      <MissingDependency>
        <Required key="7" type="61" schemaName="msdyn_/PersonalWall.htm" displayName="msdyn_/PersonalWall.htm" solution="ActivityFeedsCore (8.2.0.0)" />
        <Dependent key="1" type="62" />
      </MissingDependency>
    </MissingDependencies>
  </SolutionManifest>
</ImportExportXml>